{
  "comment": "Do not edit this file, use utils/roll_browser.js",
  "browsers": [
    {
      "name": "chromium",
      "revision": "1194",
      "installByDefault": true,
      "browserVersion": "141.0.7390.37"
    },
    {
      "name": "chromium-headless-shell",
      "revision": "1194",
      "installByDefault": true,
      "browserVersion": "141.0.7390.37"
    },
    {
      "name": "chromium-tip-of-tree",
      "revision": "1371",
      "installByDefault": false,
      "browserVersion": "142.0.7430.0"
    },
    {
      "name": "chromium-tip-of-tree-headless-shell",
      "revision": "1371",
      "installByDefault": false,
      "browserVersion": "142.0.7430.0"
    },
    {
      "name": "firefox",
      "revision": "1495",
      "installByDefault": true,
      "browserVersion": "142.0.1"
    },
    {
      "name": "firefox-beta",
      "revision": "1490",
      "installByDefault": false,
      "browserVersion": "143.0b10"
    },
    {
      "name": "webkit",
      "revision": "2215",
      "installByDefault": true,
      "revisionOverrides": {
        "debian11-x64": "2105",
        "debian11-arm64": "2105",
        "mac10.14": "1446",
        "mac10.15": "1616",
        "mac11": "1816",
        "mac11-arm64": "1816",
        "mac12": "2009",
        "mac12-arm64": "2009",
        "mac13": "2140",
        "mac13-arm64": "2140",
        "ubuntu20.04-x64": "2092",
        "ubuntu20.04-arm64": "2092"
      },
      "browserVersion": "26.0"
    },
    {
      "name": "ffmpeg",
      "revision": "1011",
      "installByDefault": true,
      "revisionOverrides": {
        "mac12": "1010",
        "mac12-arm64": "1010"
      }
    },
    {
      "name": "winldd",
      "revision": "1007",
      "installByDefault": false
    },
    {
      "name": "android",
      "revision": "1001",
      "installByDefault": false
    }
  ]
}
